{"widgets":[{"frames":[{"content":"<h1>Lead The Way With Polestar</h1>\n<p style=\"margin-top: 0;\">Build, blog and sell with Polestar. It’s minimal, modern and easy to extend.</p>","content_selected_editor":"html","background":{"image":0,"image_fallback":"https://purothemes.com/wp-content/uploads/2018/02/el-cap.jpg","size":"full","image_type":"cover","opacity":50,"color":"#000000","url":"","so_field_container_state":"open","new_window":false,"videos":[]},"buttons":[]},{"content":"<h1>Built For Speed</h1>\n<p style=\"margin-top: 0;\">Polestar's minimal approach extends beyond design; it's lightweight and optimized for speed.</p>","content_selected_editor":"html","background":{"image":0,"image_fallback":"https://purothemes.com/wp-content/uploads/2018/02/site-speed.jpg","size":"full","image_type":"cover","opacity":50,"color":"#000000","url":"https://demo.purothemes.com/polestar/about/","so_field_container_state":"open","new_window":false,"videos":[]},"buttons":[]},{"content":"<h1>Sell With WooCommerce</h1>\n<p style=\"margin-top: 0;\">WooCommerce and Polestar make the perfect pair. Boost your eCommerce sales with a sleek shop design.</p>","content_selected_editor":"html","background":{"image":0,"image_fallback":"https://purothemes.com/wp-content/uploads/2018/02/woocommerce.jpg","size":"full","image_type":"cover","opacity":50,"color":"#000000","url":"https://demo.purothemes.com/polestar/shop/","so_field_container_state":"open","new_window":false,"videos":[]},"buttons":[]}],"controls":{"speed":800,"timeout":8000,"nav_color_hex":"#FFFFFF","nav_style":"thin","nav_size":25,"swipe":true,"so_field_container_state":"open"},"design":{"height":"520px","height_unit":"px","padding":"50px","padding_unit":"px","extra_top_padding":"125px","extra_top_padding_unit":"px","padding_sides":"20px","padding_sides_unit":"px","width":"1190px","width_unit":"px","heading_font":"","heading_color":"#FFFFFF","heading_size":"46px","heading_size_unit":"px","fittext":true,"fittext_compressor":0.85,"heading_shadow":50,"text_color":"#F6F6F6","text_size":"18px","text_size_unit":"px","text_font":"","text_shadow":0.25,"link_color":false,"link_color_hover":false,"so_field_container_state":"open"},"_sow_form_id":"58dbacf3bed59","_sow_form_timestamp":"1519220250352","panels_info":{"class":"SiteOrigin_Widget_Hero_Widget","raw":false,"grid":0,"cell":0,"id":0,"widget_id":"4ee25ae3-99d3-42ec-90f1-9edf1abcb838","style":{"background_display":"tile"}}},{"headline":{"text":"Polestar WordPress Theme","destination_url":"","tag":"h1","color":false,"hover_color":false,"font":"default","font_size":"32px","font_size_unit":"px","align":"center","line_height":false,"line_height_unit":"px","margin":false,"margin_unit":"px","so_field_container_state":"open","new_window":false},"sub_headline":{"text":"","destination_url":"","tag":"p","color":"#828282","hover_color":false,"font":"default","font_size":"16px","font_size_unit":"px","align":"center","line_height":false,"line_height_unit":"px","margin":"10px","margin_unit":"px","so_field_container_state":"open","new_window":false},"divider":{"style":"none","color":"#EEEEEE","thickness":2,"align":"center","width":"25%","width_unit":"%","margin":false,"margin_unit":"px","so_field_container_state":"closed"},"order":["headline","divider","sub_headline"],"fittext":true,"_sow_form_id":"58dbae6f43213","panels_info":{"class":"SiteOrigin_Widget_Headline_Widget","raw":false,"grid":1,"cell":0,"id":1,"widget_id":"a3a11c0d-162b-48a2-be42-506d322a4e7e","style":{"padding":"25px 25px 25px 25px","background_display":"tile"}}},{"features":[{"container_color":false,"icon":"elegantline-mobile","icon_title":"","icon_color":"#2d2d2d","icon_image":0,"icon_image_size":"full","title":"Responsive Design","text":"Polestar's fluid layout perfectly adapts to a wide range of mobile devices. It's beautiful mobile menu makes browsing on touch devices quick and easy.","more_text":"","more_url":""},{"container_color":false,"icon":"elegantline-layers","icon_title":"Build With Page Builder","icon_color":"#2d2d2d","icon_image":0,"icon_image_size":"full","title":"Build With Page Builder","text":"Build stunning layouts with SiteOrigin's Page Builder plugin and the huge array of widgets it supports. Anything is possible.","more_text":"","more_url":""},{"container_color":false,"icon":"elegantline-basket","icon_title":"Sell With WooCommerce","icon_color":"#2d2d2d","icon_image":0,"icon_image_size":"full","title":"Sell With WooCommerce","text":"Polestar features custom WooCommerce styling that's both clean and functional. Optimized for conversion and speed.","more_text":"","more_url":""}],"fonts":{"title_options":{"font":"default","size":false,"size_unit":"px","color":false,"so_field_container_state":"closed"},"text_options":{"font":"default","size":"14px","size_unit":"px","color":false,"so_field_container_state":"open"},"more_text_options":{"font":"default","size":false,"size_unit":"px","color":false,"so_field_container_state":"closed"},"so_field_container_state":"closed"},"container_shape":"","container_size":"48px","container_size_unit":"px","icon_size":"48px","icon_size_unit":"px","per_row":3,"responsive":true,"title_link":true,"icon_link":true,"_sow_form_id":"58dba13ad3520","new_window":false,"panels_info":{"class":"SiteOrigin_Widget_Features_Widget","raw":false,"grid":1,"cell":0,"id":2,"widget_id":"f7096052-6662-405c-8500-54e872b40f09","style":{"background_display":"tile"}}},{"headline":{"text":"Recent Posts","destination_url":"","tag":"h1","color":false,"hover_color":false,"font":"default","font_size":"32px","font_size_unit":"px","align":"center","line_height":false,"line_height_unit":"px","margin":"10px","margin_unit":"px","so_field_container_state":"open","new_window":false},"sub_headline":{"text":"","destination_url":"","tag":"p","color":"#828282","hover_color":false,"font":"default","font_size":"16px","font_size_unit":"px","align":"center","line_height":false,"line_height_unit":"px","margin":"10px","margin_unit":"px","so_field_container_state":"closed","new_window":false},"divider":{"style":"none","color":"#EEEEEE","thickness":2,"align":"center","width":"25%","width_unit":"%","margin":false,"margin_unit":"px","so_field_container_state":"closed"},"order":["headline","divider","sub_headline"],"fittext":true,"_sow_form_id":"58dbda2779df5","panels_info":{"class":"SiteOrigin_Widget_Headline_Widget","raw":false,"grid":2,"cell":0,"id":3,"widget_id":"a3a11c0d-162b-48a2-be42-506d322a4e7e","style":{"widget_css":"margin-bottom: 25px","background_display":"tile"}}},{"title":"","posts":"","_sow_form_id":"58dbfb5116ffd","panels_info":{"class":"SiteOrigin_Widget_PostCarousel_Widget","raw":false,"grid":2,"cell":0,"id":4,"widget_id":"5cffe2a1-9db1-41aa-9c35-29b9d8d67aa2","style":{"background_display":"tile"}}},{"headline":{"text":"Customer Reviews","destination_url":"","tag":"h1","color":false,"hover_color":false,"font":"default","font_size":"32px","font_size_unit":"px","align":"center","line_height":false,"line_height_unit":"px","margin":false,"margin_unit":"px","so_field_container_state":"open","new_window":false},"sub_headline":{"text":"","destination_url":"","tag":"p","color":"#828282","hover_color":false,"font":"default","font_size":"16px","font_size_unit":"px","align":"center","line_height":false,"line_height_unit":"px","margin":false,"margin_unit":"px","so_field_container_state":"open","new_window":false},"divider":{"style":"none","color":"#EEEEEE","thickness":2,"align":"center","width":"25%","width_unit":"%","margin":false,"margin_unit":"px","so_field_container_state":"closed"},"order":["headline","divider","sub_headline"],"fittext":true,"_sow_form_id":"58dbdf2352cc1","panels_info":{"class":"SiteOrigin_Widget_Headline_Widget","raw":false,"grid":3,"cell":0,"id":5,"widget_id":"a3a11c0d-162b-48a2-be42-506d322a4e7e","style":{"widget_css":"margin-bottom: 25px","background_display":"tile"}}},{"title":"","testimonials":[{"name":"Tommy Atkins","credentials":"","image":164,"text":"<p>Lorem ipsum dolor sit amet, consectetur adipiscing elit. Phasellus laoreet vestibulum velit vitae pellentesque. Lorem ipsum dolor sit amet, consectetur adipiscing elit.</p>","text_selected_editor":"tinymce"},{"name":"Mary Jones","credentials":"","image":165,"text":"<p>Cras consequat quis libero eu vestibulum. Curabitur rutrum commodo lectus, non sodales libero feugiat quis. Vestibulum finibus ligula nibh, ut placerat quam.</p>","text_selected_editor":"tinymce"}],"settings":{"per_line":2,"so_field_container_state":"open"},"_sow_form_id":"58dbe4187462c","panels_info":{"class":"LSOW_Testimonials_Widget","raw":false,"grid":3,"cell":0,"id":6,"widget_id":"281e2185-6369-4c45-98b7-256b924cd606","style":{"background_display":"tile"}}}],"grids":[{"cells":1,"style":{"row_css":"text-align: center;","background_image_attachment":false,"background_display":"tile","lsow_dark_bg":"","bottom_margin":"0px","row_stretch":"full-stretched","cell_alignment":"flex-start"},"color_label":4,"label":"Opening Hero Section"},{"cells":1,"style":{"padding":"50px 0px 50px 0px","background_image_attachment":false,"background_display":"tile","lsow_dark_bg":"","row_stretch":"full","cell_alignment":"flex-start"},"color_label":3,"label":"Features Section"},{"cells":1,"style":{"padding":"75px 0px 75px 0px","background":"#f6f6f6","background_image_attachment":false,"background_display":"tile","lsow_dark_bg":"","row_stretch":"full","cell_alignment":"flex-start"},"color_label":5,"label":"Post Carousel Section"},{"cells":1,"style":{"padding":"50px 0px 0px 0px","background_image_attachment":false,"background_display":"tile","lsow_dark_bg":"","bottom_margin":"0px","cell_alignment":"flex-start"},"color_label":2,"label":"Testimonials Section"}],"grid_cells":[{"grid":0,"index":0,"weight":1,"style":{"background_image_attachment":false,"background_display":"tile","vertical_alignment":"auto"}},{"grid":1,"index":0,"weight":1,"style":[]},{"grid":2,"index":0,"weight":1,"style":[]},{"grid":3,"index":0,"weight":1,"style":[]}],"name":"Home"}